"unitid","name","year","GASB","FASB","ForProfit"
"100654","Alabama A & M University","2014","123496043",,
"100663","University of Alabama at Birmingham","2014","1059626869",,
"100706","University of Alabama in Huntsville","2014","204259376",,
"100724","Alabama State University","2014","145305316",,
"100751","The University of Alabama","2014","698287984",,
"100830","Auburn University at Montgomery","2014","78789127",,
"100858","Auburn University","2014","694962728",,
"100937","Birmingham Southern College","2014",,"35687232",
"101189","Faulkner University","2014",,"39925723",
"101435","Huntingdon College","2014",,"16927820",
"101480","Jacksonville State University","2014","109984481",,
"101587","University of West Alabama","2014","56625171",,
"101675","Miles College","2014",,"21471534",
"101693","University of Mobile","2014",,"18637508",
"101709","University of Montevallo","2014","53723911",,
"101879","University of North Alabama","2014","79489158",,
"101912","Oakwood University","2014",,"42400760",
"102049","Samford University","2014",,"125790757",
"102094","University of South Alabama","2014","333163000",,
"102234","Spring Hill College","2014",,"31961605",
"102270","Stillman College","2014",,"17815095",
"102368","Troy University","2014","238115256",,
"102377","Tuskegee University","2014",,"141774109",
"102553","University of Alaska Anchorage","2014","285826672",,
"102614","University of Alaska Fairbanks","2014","393492042",,
"102632","University of Alaska Southeast","2014","49681047",,
"104151","Arizona State University-Tempe","2014","1076195900",,
"104179","University of Arizona","2014","1488350000",,
"104586","Embry-Riddle Aeronautical University-Prescott","2014",,"48821000",
"104717","Grand Canyon University","2014",,,"498195469"
"105330","Northern Arizona University","2014","443798233",,
"106102","Western International University","2014",,,"25720519"
"106245","University of Arkansas at Little Rock","2014","191593923",,
"106397","University of Arkansas","2014","601057073",,
"106412","University of Arkansas at Pine Bluff","2014","60950635",,
"106458","Arkansas State University-Main Campus","2014","170709686",,
"106467","Arkansas Tech University","2014","99653867",,
"106704","University of Central Arkansas","2014","135296187",,
"107044","Harding University","2014",,"94088881",
"107071","Henderson State University","2014","45462595",,
"107080","Hendrix College","2014",,"43282029",
"107141","John Brown University","2014",,"42303887",
"107512","Ouachita Baptist University","2014",,"30195849",
"107983","Southern Arkansas University Main Campus","2014","40454099",,
"108092","University of Arkansas-Fort Smith","2014","73307094",,
"108232","Academy of Art University","2014",,,"266923491"
"109651","Art Center College of Design","2014",,"100116000",
"109785","Azusa Pacific University","2014",,"220896423",
"110097","Biola University","2014",,"118509000",
"110361","California Baptist University","2014",,"114946733",
"110370","California College of the Arts","2014",,"57855000",
"110404","California Institute of Technology","2014",,"611308000",
"110413","California Lutheran University","2014",,"81638837",
"110422","California Polytechnic State University-San Luis Obispo","2014","350023355",,
"110468","Alliant International University-San Diego","2014",,"71991914",
"110486","California State University-Bakersfield","2014","121242991",,
"110495","California State University-Stanislaus","2014","133473639",,
"110510","California State University-San Bernardino","2014","242106206",,
"110529","California State Polytechnic University-Pomona","2014","277002221",,
"110538","California State University-Chico","2014","224561336",,
"110547","California State University-Dominguez Hills","2014","181067103",,
"110556","California State University-Fresno","2014","300800748",,
"110565","California State University-Fullerton","2014","471090378",,
"110574","California State University-East Bay","2014","215974944",,
"110583","California State University-Long Beach","2014","435382109",,
"110592","California State University-Los Angeles","2014","282151379",,
"110608","California State University-Northridge","2014","482483686",,
"110617","California State University-Sacramento","2014","370331281",,
"110635","University of California-Berkeley","2014","2304821167",,
"110644","University of California-Davis","2014","2091500855",,
"110653","University of California-Irvine","2014","1387634879",,
"110662","University of California-Los Angeles","2014","3623860974",,
"110671","University of California-Riverside","2014","604720516",,
"110680","University of California-San Diego","2014","2470799832",,
"110705","University of California-Santa Barbara","2014","764913233",,
"110714","University of California-Santa Cruz","2014","503041868",,
"111081","California Institute of the Arts","2014",,"58729926",
"111188","The California Maritime Academy","2014","44119351",,
"111948","Chapman University","2014",,"216266897",
"112075","Concordia University-Irvine","2014",,"52412947",
"112260","Claremont McKenna College","2014",,"83575000",
"113698","Dominican University of California","2014",,"52304722",
"114813","Fresno Pacific University","2014",,"56614273",
"115083","Golden Gate University-San Francisco","2014",,"59910285",
"115728","Holy Names University","2014",,"28520121",
"115755","Humboldt State University","2014","144092074",,
"117113","The Art Institute of California-Argosy University San Diego","2014",,,"28641195"
"117140","University of La Verne","2014",,"128689428",
"117627","La Sierra University","2014",,"66934039",
"117751","The Master's College and Seminary","2014",,"28056976",
"117928","The Art Institute of California-Argosy University San Francisco","2014",,,"28877846"
"117946","Loyola Marymount University","2014",,"292141000",
"118541","Marymount California University","2014",,"24708351",
"118888","Mills College","2014",,"60898145",
"119173","Mount Saint Mary's University","2014",,"63964679",
"119605","National University","2014",,"210030847",
"120184","Notre Dame de Namur University","2014",,"33956525",
"120254","Occidental College","2014",,"88456636",
"120403","Otis College of Art and Design","2014",,"37025932",
"120537","Hope International University","2014",,"18591253",
"120865","Pacific Union College","2014",,"39864830",
"120883","University of the Pacific","2014",,"274349633",
"121150","Pepperdine University","2014",,"265646000",
"121257","Pitzer College","2014",,"55894500",
"121309","Point Loma Nazarene University","2014",,"73859481",
"121345","Pomona College","2014",,"123949000",
"121691","University of Redlands","2014",,"103713930",
"122409","San Diego State University","2014","464945990",,
"122436","University of San Diego","2014",,"234981000",
"122597","San Francisco State University","2014","432701314",,
"122612","University of San Francisco","2014",,"287859000",
"122728","William Jessup University","2014",,"20203254",
"122755","San Jose State University","2014","384209002",,
"122843","Westwood College-Los Angeles","2014",,,"42722178"
"122931","Santa Clara University","2014",,"284079000",
"123457","Simpson University","2014",,"19070760",
"123554","Saint Mary's College of California","2014",,"112598971",
"123572","Sonoma State University","2014","154055050",,
"123651","Vanguard University of Southern California","2014",,"37216845",
"123961","University of Southern California","2014",,"2876678000",
"125727","Westmont College","2014",,"45016749",
"125763","Whittier College","2014",,"61830472",
"125897","Woodbury University","2014",,"41347464",
"126182","Adams State University","2014","38446971",,
"126562","University of Colorado Denver","2014","966668016",,
"126580","University of Colorado Colorado Springs","2014","136029097",,
"126614","University of Colorado Boulder","2014","980152228",,
"126669","Colorado Christian University","2014",,"47551598",
"126678","Colorado College","2014",,"106776862",
"126702","The Art Institute of Colorado","2014",,,"27785820"
"126775","Colorado School of Mines","2014","188175343",,
"126818","Colorado State University-Fort Collins","2014","778044692",,
"126827","Colorado Technical University-Colorado Springs","2014",,,"25435907"
"127060","University of Denver","2014",,"331684819",
"127185","Fort Lewis College","2014","50320855",,
"127556","Colorado Mesa University","2014","83563059",,
"127565","Metropolitan State University of Denver","2014","148373810",,
"127741","University of Northern Colorado","2014","177013166",,
"127918","Regis University","2014",,"127129633",
"127945","Rocky Mountain College of Art and Design","2014",,,"19157815"
"128106","Colorado State University-Pueblo","2014","68736886",,
"128328","United States Air Force Academy","2014","458633278",,
"128391","Western State Colorado University","2014","31190304",,
"128498","Albertus Magnus College","2014",,"25884362",
"128744","University of Bridgeport","2014",,"72665000",
"128771","Central Connecticut State University","2014","211949131",,
"128902","Connecticut College","2014",,"90293000",
"129020","University of Connecticut","2014","1214690065",,
"129215","Eastern Connecticut State University","2014","111628935",,
"129242","Fairfield University","2014",,"141059000",
"129525","University of Hartford","2014",,"132823000",
"129941","University of New Haven","2014",,"126848427",
"130183","Post University","2014",,,"88059003"
"130226","Quinnipiac University","2014",,"245496141",
"130253","Sacred Heart University","2014",,"133930199",
"130314","University of Saint Joseph","2014",,"51855000",
"130493","Southern Connecticut State University","2014","190121878",,
"130590","Trinity College","2014",,"122289293",
"130697","Wesleyan University","2014",,"141913000",
"130776","Western Connecticut State University","2014","115234951",,
"130794","Yale University","2014",,"3058920000",
"130934","Delaware State University","2014","107502747",,
"130943","University of Delaware","2014",,"759321060",
"130989","Goldey-Beacom College","2014",,"13147359",
"131098","Wesley College","2014",,"22434677",
"131113","Wilmington University","2014",,"86413137",
"131159","American University","2014",,"419109000",
"131283","Catholic University of America","2014",,"190320171",
"131399","University of the District of Columbia","2014","119350693",,
"131450","Gallaudet University","2014",,"110559221",
"131469","George Washington University","2014",,"1061904000",
"131496","Georgetown University","2014",,"1058759000",
"131520","Howard University","2014",,"480121000",
"131803","Strayer University-District of Columbia","2014",,,"15308668"
"131876","Trinity Washington University","2014",,"27799700",
"132471","Barry University","2014",,"144853883",
"132602","Bethune-Cookman University","2014",,"56104857",
"132657","Lynn University","2014",,"53940809",
"132842","Carlos Albizu University-Miami","2014",,"14662008",
"132903","University of Central Florida","2014","782282496",,
"133465","South University-West Palm Beach","2014",,,"17662508"
"133492","Eckerd College","2014",,"56713160",
"133553","Embry-Riddle Aeronautical University-Daytona Beach","2014",,"162503000",
"133650","Florida Agricultural and Mechanical University","2014","260224612",,
"133669","Florida Atlantic University","2014","373694309",,
"133711","Flagler College-St Augustine","2014",,"40197049",
"133872","Adventist University of Health Sciences","2014",,"27789648",
"133881","Florida Institute of Technology","2014",,"140613028",
"133951","Florida International University","2014","780879883",,
"133979","Florida Memorial University","2014",,"32350666",
"134079","Florida Southern College","2014",,"51719981",
"134097","Florida State University","2014","903196519",,
"134130","University of Florida","2014","2349214000",,
"134237","Full Sail University","2014",,,"310865632"
"134811","AI Miami International University of Art and Design","2014",,,"55146345"
"134945","Jacksonville University","2014",,"64619813",
"135364","Luther Rice University & Seminary","2014",,"5148398",
"135726","University of Miami","2014",,"1859724791",
"136172","University of North Florida","2014","216954412",,
"136215","Nova Southeastern University","2014",,"554236226",
"136330","Palm Beach Atlantic University","2014",,"59176537",
"136774","Ringling College of Art and Design","2014",,"48994697",
"136950","Rollins College","2014",,"103508000",
"137032","Saint Leo University","2014",,"138891633",
"137351","University of South Florida-Main Campus","2014","949644526",,
"137476","St Thomas University","2014",,"51305134",
"137546","Stetson University","2014",,"105942805",
"137564","Southeastern University","2014",,"40684915",
"137847","The University of Tampa","2014",,"102743960",
"138275","Warner University","2014",,"13516277",
"138354","The University of West Florida","2014","169982071",,
"138716","Albany State University","2014","54452292",,
"138789","Armstrong State University","2014","79898344",,
"138813","The Art Institute of Atlanta","2014",,,"52982402"
"138868","Point University","2014",,"17958710",
"138947","Clark Atlanta University","2014",,"73639210",
"139144","Berry College","2014",,"72993866",
"139199","Brenau University","2014",,"35350212",
"139311","Clayton  State University","2014","73135398",,
"139366","Columbus State University","2014","101917477",,
"139393","Covenant College","2014",,"23533262",
"139579","South University-Savannah","2014",,,"20684734"
"139658","Emory University","2014",,"1540635000",
"139719","Fort Valley State University","2014","58662298",,
"139755","Georgia Institute of Technology-Main Campus","2014","1262972882",,
"139764","Georgia Southwestern State University","2014","33581250",,
"139861","Georgia College and State University","2014","110693577",,
"139931","Georgia Southern University","2014","243421566",,
"139940","Georgia State University","2014","567187868",,
"139959","University of Georgia","2014","1094191485",,
"140164","Kennesaw State University","2014","271658706",,
"140252","Life University","2014",,"46647748",
"140447","Mercer University","2014",,"201621696",
"140553","Morehouse College","2014",,"66876020",
"140696","Oglethorpe University","2014",,"37901543",
"140818","Piedmont College","2014",,"28391112",
"140872","Reinhardt University","2014",,"21553198",
"140951","Savannah College of Art and Design","2014",,"221425358",
"140960","Savannah State University","2014","60034368",,
"140988","Shorter University","2014",,"26838457",
"141060","Spelman College","2014",,"72779957",
"141097","Southern Polytechnic State University","2014","70528795",,
"141167","Thomas University","2014",,"12405708",
"141237","Truett-McConnell College","2014",,"9891681",
"141264","Valdosta State University","2014","139596898",,
"141334","University of West Georgia","2014","134360987",,
"141361","Young Harris College","2014",,"24453800",
"141486","Chaminade University of Honolulu","2014",,"40988555",
"141565","University of Hawaii at Hilo","2014","113431560",,
"141574","University of Hawaii at Manoa","2014","911664462",,
"141644","Hawaii Pacific University","2014",,"95697656",
"141981","University of Hawaii-West Oahu","2014","41731751",,
"142115","Boise State University","2014","260774124",,
"142276","Idaho State University","2014","198124224",,
"142285","University of Idaho","2014","328875859",,
"142294","The College of Idaho","2014",,"22457663",
"142328","Lewis-Clark State College","2014","41912300",,
"142461","Northwest Nazarene University","2014",,"36843552",
"142522","Brigham Young University-Idaho","2014",,"213053000",
"143048","School of the Art Institute of Chicago","2014",,"110453031",
"143084","Augustana College","2014",,"60475137",
"143118","Aurora University","2014",,"57791918",
"143358","Bradley University","2014",,"121707516",
"144005","Chicago State University","2014","139825480",,
"144050","University of Chicago","2014",,"1939612524",
"144281","Columbia College-Chicago","2014",,"191857758",
"144351","Concordia University-Chicago","2014",,"53544486",
"144740","DePaul University","2014",,"501808000",
"144892","Eastern Illinois University","2014","202839617",,
"144962","Elmhurst College","2014",,"65932687",
"145336","Governors State University","2014","111165546",,
"145372","Greenville College","2014",,"22260290",
"145600","University of Illinois at Chicago","2014","1621848420",,
"145619","Benedictine University","2014",,"92923198",
"145637","University of Illinois at Urbana-Champaign","2014","2174382982",,
"145646","Illinois Wesleyan University","2014",,"60683266",
"145725","Illinois Institute of Technology","2014",,"258436000",
"145813","Illinois State University","2014","450249415",,
"146339","Judson University","2014",,"21001517",
"146393","Kendall College","2014",,,"30837869"
"146427","Knox College","2014",,"37784237",
"146481","Lake Forest College","2014",,"43279984",
"146612","Lewis University","2014",,"109046379",
"146719","Loyola University Chicago","2014",,"448163699",
"147013","McKendree University","2014",,"36911438",
"147244","Millikin University","2014",,"42522681",
"147341","Monmouth College","2014",,"26896047",
"147369","Moody Bible Institute","2014",,"100803994",
"147536","National Louis University","2014",,"69042931",
"147660","North Central College","2014",,"55206106",
"147679","North Park University","2014",,"47730457",
"147703","Northern Illinois University","2014","467245915",,
"147767","Northwestern University","2014",,"1859773000",
"147776","Northeastern Illinois University","2014","176119574",,
"147828","Olivet Nazarene University","2014",,"70440232",
"148131","Quincy University","2014",,"21295394",
"148177","The Illinois Institute of Art-Chicago","2014",,,"42419845"
"148335","Robert Morris University Illinois","2014",,"75771034",
"148405","Rockford University","2014",,"21238260",
"148487","Roosevelt University","2014",,"113451316",
"148496","Dominican University","2014",,"55478718",
"148584","University of St Francis","2014",,"40956154",
"148627","Saint Xavier University","2014",,"67353387",
"148654","University of Illinois at Springfield","2014","95800310",,
"149222","Southern Illinois University-Carbondale","2014","714863665",,
"149231","Southern Illinois University-Edwardsville","2014","307081372",,
"149505","Trinity Christian College","2014",,"24870102",
"149514","Trinity International University-Illinois","2014",,"31301102",
"149772","Western Illinois University","2014","240534065",,
"149781","Wheaton College","2014",,"98230335",
"150066","Anderson University","2014",,"42101000",
"150136","Ball State University","2014","376084569",,
"150145","Bethel College-Indiana","2014",,"28584671",
"150163","Butler University","2014",,"127134000",
"150172","Calumet College of Saint Joseph","2014",,"12656918",
"150400","DePauw University","2014",,"86205663",
"150455","Earlham College","2014",,"45376589",
"150534","University of Evansville","2014",,"57015027",
"150604","Franklin College","2014",,"23636029",
"150677","Grace College and Theological Seminary","2014",,"27904772",
"150756","Hanover College","2014",,"29391468",
"150941","Huntington University","2014",,"22152664",
"151102","Indiana University-Purdue University-Fort Wayne","2014","139406332",,
"151111","Indiana University-Purdue University-Indianapolis","2014","1020264342",,
"151263","University of Indianapolis","2014",,"88656780",
"151290","Indiana Institute of Technology","2014",,"43356964",
"151306","University of Southern Indiana","2014","118003428",,
"151324","Indiana State University","2014","175603223",,
"151333","Indiana University-Kokomo","2014","28824430",,
"151342","Indiana University-South Bend","2014","65998210",,
"151351","Indiana University-Bloomington","2014","1138674083",,
"151360","Indiana University-Northwest","2014","50207275",,
"151379","Indiana University-Southeast","2014","54426827",,
"151388","Indiana University-East","2014","32068431",,
"151777","Manchester University","2014",,"30667483",
"151786","Marian University","2014",,"62052695",
"151801","Indiana Wesleyan University","2014",,"146454529",
"152080","University of Notre Dame","2014",,"794297000",
"152099","Oakland City University","2014",,"27135754",
"152248","Purdue University-Calumet Campus","2014","98755063",,
"152266","Purdue University-North Central Campus","2014","39377149",,
"152318","Rose-Hulman Institute of Technology","2014",,"78378127",
"152336","University of Saint Francis-Fort Wayne","2014",,"36661477",
"152363","Saint Josephs College","2014",,"19053989",
"152390","Saint Mary's College","2014",,"45863890",
"152530","Taylor University","2014",,"51455063",
"152567","Trine University","2014",,"29888333",
"152600","Valparaiso University","2014",,"105975000",
"152822","AIB College of Business","2014",,"12572553",
"152992","Briar Cliff University","2014",,"17812659",
"153001","Buena Vista University","2014",,"37569317",
"153108","Central College","2014",,"35020682",
"153126","Clarke University","2014",,"20567117",
"153144","Coe College","2014",,"31671750",
"153162","Cornell College","2014",,"29836921",
"153250","Dordt College","2014",,"27800019",
"153269","Drake University","2014",,"121675583",
"153278","University of Dubuque","2014",,"39680089",
"153366","Graceland University-Lamoni","2014",,"32923361",
"153375","Grand View University","2014",,"28582181",
"153384","Grinnell College","2014",,"94771000",
"153603","Iowa State University","2014","864077730",,
"153658","University of Iowa","2014","1230941000",,
"153825","Loras College","2014",,"33492645",
"153834","Luther College","2014",,"61486716",
"153861","Maharishi University of Management","2014",,"19633000",
"154004","Morningside College","2014",,"27251365",
"154013","Mount Mercy University","2014",,"25910926",
"154022","Ashford University","2014",,,"566598000"
"154095","University of Northern Iowa","2014","212941963",,
"154101","Northwestern College","2014",,"22910058",
"154174","Palmer College of Chiropractic","2014",,"62635554",
"154235","Saint Ambrose University","2014",,"56573224",
"154350","Simpson College","2014",,"32104523",
"154493","Upper Iowa University","2014",,"51140946",
"154518","Waldorf College","2014",,,"12113677"
"154527","Wartburg College","2014",,"42078763",
"154590","William Penn University","2014",,"21967645",
"154688","Baker University","2014",,"38002335",
"154712","Benedictine College","2014",,"28445949",
"154855","Central Christian College of Kansas","2014",,"10953046",
"155025","Emporia State University","2014","72634204",,
"155061","Fort Hays State University","2014","103213209",,
"155089","Friends University","2014",,"32668701",
"155317","University of Kansas","2014","1000200432",,
"155335","Newman University","2014",,"22159342",
"155399","Kansas State University","2014","706528962",,
"155520","MidAmerica Nazarene University","2014",,"28868509",
"155681","Pittsburg State University","2014","93478424",,
"155812","University of Saint Mary","2014",,"19006904",
"155900","Southwestern College","2014",,"23353461",
"156082","Washburn University","2014","88470374",,
"156125","Wichita State University","2014","254092091",,
"156213","Asbury University","2014",,"28526255",
"156286","Bellarmine University","2014",,"60225473",
"156295","Berea College","2014",,"78339564",
"156356","Brescia University","2014",,"10902598",
"156365","Campbellsville University","2014",,"35119624",
"156408","Centre College","2014",,"48013480",
"156541","University of the Cumberlands","2014",,"38709690",
"156620","Eastern Kentucky University","2014","261587894",,
"156745","Georgetown College","2014",,"27208063",
"157058","Kentucky State University","2014","67234484",,
"157085","University of Kentucky","2014","1237257519",,
"157216","Lindsey Wilson College","2014",,"31189789",
"157289","University of Louisville","2014","762821000",,
"157377","Midway College","2014",,"15026668",
"157386","Morehead State University","2014","136602992",,
"157401","Murray State University","2014","151592952",,
"157447","Northern Kentucky University","2014","212857000",,
"157535","University of Pikeville","2014",,"32983895",
"157748","The Southern Baptist Theological Seminary","2014",,"29662843",
"157757","Spalding University","2014",,"28507507",
"157793","Sullivan University","2014",,,"62425670"
"157809","Thomas More College","2014",,"22384725",
"157818","Transylvania University","2014",,"33723673",
"157863","Union College","2014",,"16924582",
"157951","Western Kentucky University","2014","305337783",,
"158802","Dillard University","2014",,"38986364",
"159009","Grambling State University","2014","79418665",,
"159382","Louisiana State University-Alexandria","2014","21370623",,
"159391","Louisiana State University and Agricultural & Mechanical College","2014","855243386",,
"159416","Louisiana State University-Shreveport","2014","37451407",,
"159568","Louisiana College","2014",,"20556604",
"159647","Louisiana Tech University","2014","115817262",,
"159656","Loyola University New Orleans","2014",,"118029934",
"159717","McNeese State University","2014","75354370",,
"159939","University of New Orleans","2014","153773807",,
"159948","New Orleans Baptist Theological Seminary","2014",,"18458397",
"159966","Nicholls State University","2014","65526241",,
"159993","University of Louisiana at Monroe","2014","103157129",,
"160038","Northwestern State University of Louisiana","2014","91755301",,
"160065","Our Lady of Holy Cross College","2014",,"13519408",
"160612","Southeastern Louisiana University","2014","148218749",,
"160621","Southern University and A & M College","2014","120842904",,
"160630","Southern University at New Orleans","2014","39701064",,
"160658","University of Louisiana at Lafayette","2014","208766158",,
"160755","Tulane University of Louisiana","2014",,"597986000",
"160904","Xavier University of Louisiana","2014",,"91174594",
"160977","Bates College","2014",,"84791348",
"161004","Bowdoin College","2014",,"117427000",
"161086","Colby College","2014",,"96923000",
"161165","Husson University","2014",,"38612612",
"161217","University of Maine at Augusta","2014","46850000",,
"161226","University of Maine at Farmington","2014","34160000",,
"161235","University of Maine at Fort Kent","2014","13444000",,
"161253","University of Maine","2014","301693000",,
"161299","Maine Maritime Academy","2014","33062513",,
"161341","University of Maine at Presque Isle","2014","18091000",,
"161457","University of New England","2014",,"129004316",
"161518","Saint Joseph's College of Maine","2014",,"35613254",
"161554","University of Southern Maine","2014","154869000",,
"161563","Thomas College","2014",,"13241168",
"161873","University of Baltimore","2014","103201307",,
"162007","Bowie State University","2014","79072090",,
"162210","Washington Adventist University","2014",,"25995836",
"162283","Coppin State University","2014","65834288",,
"162584","Frostburg State University","2014","83021648",,
"162654","Goucher College","2014",,"53536000",
"162760","Hood College","2014",,"36779625",
"162928","Johns Hopkins University","2014",,"3626391000",
"163046","Loyola University Maryland","2014",,"157418119",
"163204","University of Maryland-University College","2014","357336292",,
"163268","University of Maryland-Baltimore County","2014","313936563",,
"163286","University of Maryland-College Park","2014","1446383929",,
"163295","Maryland Institute College of Art","2014",,"63166845",
"163338","University of Maryland Eastern Shore","2014","83001508",,
"163453","Morgan State University","2014","169937674",,
"163462","Mount St Mary's University","2014",,"49321693",
"163578","Notre Dame of Maryland University","2014",,"42341938",
"163851","Salisbury University","2014","105872137",,
"163912","St Mary's College of Maryland","2014","53639233",,
"164076","Towson University","2014","273450240",,
"164155","United States Naval Academy","2014","426313216",,
"164173","Stevenson University","2014",,"80661173",
"164216","Washington College","2014",,"52431005",
"164270","McDaniel College","2014",,"49469000",
"164447","American International College","2014",,"43644093",
"164465","Amherst College","2014",,"148114533",
"164492","Anna Maria College","2014",,"22638752",
"164562","Assumption College","2014",,"48672039",
"164580","Babson College","2014",,"137023553",
"164632","Bay Path University","2014",,"37042554",
"164720","Becker College","2014",,"33803769",
"164739","Bentley University","2014",,"153311000",
"164748","Berklee College of Music","2014",,"168703672",
"164924","Boston College","2014",,"539087554",
"164988","Boston University","2014",,"1452774971",
"165015","Brandeis University","2014",,"287517987",
"165024","Bridgewater State University","2014","149258287",,
"165167","Cambridge College","2014",,"31167820",
"165334","Clark University","2014",,"87508000",
"165529","Curry College","2014",,"63527768",
"165644","Eastern Nazarene College","2014",,"22032241",
"165662","Emerson College","2014",,"113394024",
"165671","Emmanuel College","2014",,"48679415",
"165699","Endicott College","2014",,"58611989",
"165820","Fitchburg State University","2014","75496897",,
"165866","Framingham State University","2014","69980994",,
"165936","Gordon College","2014",,"45808715",
"166018","Hampshire College","2014",,"49437493",
"166027","Harvard University","2014",,"3870825000",
"166124","College of the Holy Cross","2014",,"123740159",
"166391","Lasell College","2014",,"34822729",
"166452","Lesley University","2014",,"88057107",
"166513","University of Massachusetts-Lowell","2014","320245000",,
"166629","University of Massachusetts-Amherst","2014","806414695",,
"166638","University of Massachusetts-Boston","2014","338768000",,
"166656","MCPHS University","2014",,"119739031",
"166674","Massachusetts College of Art and Design","2014","50908834",,
"166683","Massachusetts Institute of Technology","2014",,"2789099000",
"166692","Massachusetts Maritime Academy","2014","40141168",,
"166850","Merrimack College","2014",,"66793661",
"166939","Mount Holyoke College","2014",,"109600576",
"166948","Mount Ida College","2014",,"28120576",
"167260","Nichols College","2014",,"25332356",
"167288","Massachusetts College of Liberal Arts","2014","36729816",,
"167358","Northeastern University","2014",,"726621833",
"167394","College of Our Lady of the Elms","2014",,"22160283",
"167598","Regis College","2014",,"41505937",
"167729","Salem State University","2014","133943302",,
"167783","Simmons College","2014",,"110719710",
"167835","Smith College","2014",,"181419782",
"167899","Springfield College","2014",,"71762715",
"167987","University of Massachusetts-Dartmouth","2014","192272000",,
"167996","Stonehill College","2014",,"72956242",
"168005","Suffolk University","2014",,"205928563",
"168148","Tufts University","2014",,"720108908",
"168218","Wellesley College","2014",,"168745000",
"168227","Wentworth Institute of Technology","2014",,"78933243",
"168254","Western New England University","2014",,"83506480",
"168263","Westfield State University","2014","81712399",,
"168281","Wheaton College","2014",,"59749227",
"168290","Wheelock College","2014",,"35626254",
"168342","Williams College","2014",,"173254838",
"168421","Worcester Polytechnic Institute","2014",,"188592000",
"168430","Worcester State University","2014","64534875",,
"168528","Adrian College","2014",,"37667392",
"168546","Albion College","2014",,"43247043",
"168591","Alma College","2014",,"38436259",
"168740","Andrews University","2014",,"73345660",
"168786","Aquinas College","2014",,"30441197",
"169080","Calvin College","2014",,"100103906",
"169248","Central Michigan University","2014","345421253",,
"169442","College for Creative Studies","2014",,"45305546",
"169479","Davenport University","2014",,"110099538",
"169716","University of Detroit Mercy","2014",,"128138702",
"169798","Eastern Michigan University","2014","310463413",,
"169910","Ferris State University","2014","211058796",,
"169983","Kettering University","2014",,"50245868",
"170037","Cornerstone University","2014",,"35119828",
"170082","Grand Valley State University","2014","363051913",,
"170301","Hope College","2014",,"75276399",
"170532","Kalamazoo College","2014",,"44973780",
"170639","Lake Superior State University","2014","37402492",,
"170675","Lawrence Technological University","2014",,"56540245",
"170806","Madonna University","2014",,"43485473",
"170842","Marygrove College","2014",,"25510551",
"170967","Rochester College","2014",,"12035534",
"170976","University of Michigan-Ann Arbor","2014","2739872000",,
"171100","Michigan State University","2014","1684399110",,
"171128","Michigan Technological University","2014","190683570",,
"171137","University of Michigan-Dearborn","2014","120442000",,
"171146","University of Michigan-Flint","2014","111019000",,
"171456","Northern Michigan University","2014","127011771",,
"171492","Northwood University-Michigan","2014",,"41919469",
"171571","Oakland University","2014","258004914",,
"171599","Olivet College","2014",,"15415905",
"172051","Saginaw Valley State University","2014","113107865",,
"172264","Siena Heights University","2014",,"29475236",
"172334","Spring Arbor University","2014",,"42921496",
"172644","Wayne State University","2014","795406133",,
"172699","Western Michigan University","2014","469669074",,
"173045","Augsburg College","2014",,"61954903",
"173124","Bemidji State University","2014","58916000",,
"173160","Bethel University","2014",,"71955412",
"173258","Carleton College","2014",,"105723389",
"173300","Concordia College at Moorhead","2014",,"59131929",
"173328","Concordia University-Saint Paul","2014",,"37575525",
"173647","Gustavus Adolphus College","2014",,"69010214",
"173665","Hamline University","2014",,"76316995",
"173902","Macalester College","2014",,"91450000",
"173920","Minnesota State University-Mankato","2014","176327000",,
"174020","Metropolitan State University","2014","76845000",,
"174066","University of Minnesota-Twin Cities","2014","2682593221",,
"174075","University of Minnesota-Crookston","2014","25357241",,
"174233","University of Minnesota-Duluth","2014","193561279",,
"174251","University of Minnesota-Morris","2014","38749962",,
"174358","Minnesota State University Moorhead","2014","81168000",,
"174437","North Central University","2014",,"19323983",
"174491","University of Northwestern-St Paul","2014",,"44285111",
"174747","College of Saint Benedict","2014",,"50471688",
"174783","Saint Cloud State University","2014","175119000",,
"174792","Saint Johns University","2014",,"58037104",
"174817","Saint Mary's University of Minnesota","2014",,"63211974",
"174844","St Olaf College","2014",,"96884237",
"174862","Crown College","2014",,"15560551",
"174899","The College of Saint Scholastica","2014",,"68686443",
"174914","University of St Thomas","2014",,"215726724",
"175005","St Catherine University","2014",,"79821079",
"175078","Southwest Minnesota State University","2014","42654000",,
"175272","Winona State University","2014","104919000",,
"175342","Alcorn State University","2014","74694388",,
"175421","Belhaven University","2014",,"38522902",
"175616","Delta State University","2014","56353252",,
"175856","Jackson State University","2014","170766702",,
"176017","University of Mississippi","2014","702200024",,
"176035","Mississippi University for Women","2014","41961588",,
"176044","Mississippi Valley State University","2014","48363582",,
"176053","Mississippi College","2014",,"66902289",
"176080","Mississippi State University","2014","532877773",,
"176372","University of Southern Mississippi","2014","281254228",,
"176479","William Carey University","2014",,"46142342",
"176628","Avila University","2014",,"27454693",
"176947","Central Methodist University-College of Liberal Arts and Sciences","2014",,"18860701",
"176965","University of Central Missouri","2014","150595552",,
"177065","Columbia College","2014",,"87856547",
"177214","Drury University","2014",,"50406829",
"177339","Evangel University","2014",,"38493809",
"177418","Fontbonne University","2014",,"29385747",
"177542","Hannibal-LaGrange University","2014",,"13248396",
"177551","Harris-Stowe State University","2014","22413845",,
"177940","Lincoln University","2014","45168035",,
"177968","Lindenwood University","2014",,"109939075",
"178059","Maryville University of Saint Louis","2014",,"55340683",
"178208","Midwestern Baptist Theological Seminary","2014",,"10630089",
"178244","Missouri Baptist University","2014",,"27587948",
"178341","Missouri Southern State University","2014","59931804",,
"178369","Missouri Valley College","2014",,"14088939",
"178387","Missouri Western State University","2014","59108685",,
"178396","University of Missouri-Columbia","2014","844051495",,
"178402","University of Missouri-Kansas City","2014","340338195",,
"178411","Missouri University of Science and Technology","2014","172464633",,
"178420","University of Missouri-St Louis","2014","212746140",,
"178615","Truman State University","2014","78951510",,
"178624","Northwest Missouri State University","2014","78029108",,
"178697","College of the Ozarks","2014",,"51990162",
"178721","Park University","2014",,"70934499",
"179043","Rockhurst University","2014",,"40472669",
"179159","Saint Louis University","2014",,"454711410",
"179265","St Louis College of Pharmacy","2014",,"38573969",
"179326","Southwest Baptist University","2014",,"33659386",
"179557","Southeast Missouri State University","2014","145189509",,
"179566","Missouri State University-Springfield","2014","227991144",,
"179867","Washington University in St Louis","2014",,"2280554000",
"179894","Webster University","2014",,"188102687",
"179955","William Jewell College","2014",,"25230260",
"179964","William Woods University","2014",,"21079240",
"180106","Carroll College","2014",,"30182216",
"180179","Montana State University-Billings","2014","58566962",,
"180258","University of Great Falls","2014",,"12687949",
"180416","Montana Tech of the University of Montana","2014","47690140",,
"180461","Montana State University","2014","348930513",,
"180489","The University of Montana","2014","268616567",,
"180522","Montana State University-Northern","2014","20492284",,
"180595","Rocky Mountain College","2014",,"18453732",
"180692","The University of Montana-Western","2014","19558625",,
"180814","Bellevue University","2014",,"73973886",
"180832","Clarkson College","2014",,"16265465",
"180948","Chadron State College","2014","35195451",,
"180984","Concordia University-Nebraska","2014",,"27809752",
"181002","Creighton University","2014",,"276271000",
"181020","Doane College-Crete","2014",,"24554187",
"181127","Hastings College","2014",,"24825187",
"181215","University of Nebraska at Kearney","2014","81090234",,
"181297","Nebraska Methodist College of Nursing & Allied Health","2014",,"16085987",
"181330","Midland University","2014",,"18767705",
"181394","University of Nebraska at Omaha","2014","187925062",,
"181446","Nebraska Wesleyan University","2014",,"32393000",
"181464","University of Nebraska-Lincoln","2014","732076027",,
"181534","Peru State College","2014","20330122",,
"181604","College of Saint Mary","2014",,"17421042",
"181783","Wayne State College","2014","39117932",,
"182281","University of Nevada-Las Vegas","2014","489879000",,
"182290","University of Nevada-Reno","2014","535816389",,
"182458","Sierra Nevada College","2014",,"14998891",
"182634","Colby-Sawyer College","2014",,"28463062",
"182670","Dartmouth College","2014",,"792001872",
"182795","Franklin Pierce University","2014",,"40560695",
"182980","New England College","2014",,"24561780",
"183026","Southern New Hampshire University","2014",,"251490171",
"183044","University of New Hampshire-Main Campus","2014","386920166",,
"183062","Keene State College","2014","76165177",,
"183080","Plymouth State University","2014","72058804",,
"183211","Rivier University","2014",,"29165636",
"183239","Saint Anselm College","2014",,"54156463",
"183257","Granite State College","2014","15373957",,
"183822","Bloomfield College","2014",,"37624378",
"183910","Caldwell University","2014",,"33243761",
"183974","Centenary College","2014",,"34353847",
"184348","Drew University","2014",,"70255000",
"184603","Fairleigh Dickinson University-Metropolitan Campus","2014",,"100395955",
"184612","Felician College","2014",,"37898073",
"184694","Fairleigh Dickinson University-College at Florham","2014",,"82142145",
"184773","Georgian Court University","2014",,"40368480",
"184782","Rowan University","2014","429195500",,
"185129","New Jersey City University","2014","140076376",,
"185262","Kean University","2014","215667571",,
"185572","Monmouth University","2014",,"130649653",
"185590","Montclair State University","2014","297016934",,
"185828","New Jersey Institute of Technology","2014","305168000",,
"186131","Princeton University","2014",,"1253554000",
"186201","Ramapo College of New Jersey","2014","102055000",,
"186283","Rider University","2014",,"130503000",
"186371","Rutgers University-Camden","2014","138197000",,
"186380","Rutgers University-New Brunswick","2014","2019132000",,
"186399","Rutgers University-Newark","2014","244198000",,
"186432","Saint Peter's University","2014",,"62360743",
"186584","Seton Hall University","2014",,"224722000",
"186618","College of Saint Elizabeth","2014",,"25410262",
"186867","Stevens Institute of Technology","2014",,"169116000",
"186876","Stockton University","2014","141847430",,
"187046","Thomas Edison State College","2014","68476480",,
"187134","The College of New Jersey","2014","174133000",,
"187444","William Paterson University of New Jersey","2014","188293293",,
"187648","Eastern New Mexico University-Main Campus","2014","65370384",,
"187897","New Mexico Highlands University","2014","57737545",,
"187967","New Mexico Institute of Mining and Technology","2014","125787575",,
"187985","University of New Mexico-Main Campus","2014","1099288060",,
"188030","New Mexico State University-Main Campus","2014","405833961",,
"188182","University of the Southwest","2014",,"10284835",
"188304","Western New Mexico University","2014","36569616",,
"188429","Adelphi University","2014",,"173523594",
"188526","Albany College of Pharmacy and Health Sciences","2014",,"44215881",
"188641","Alfred University","2014",,"57389144",
"189088","Bard College","2014",,"141755996",
"189097","Barnard College","2014",,"108505000",
"189228","Berkeley College-New York","2014",,,"78961657"
"189705","Canisius College","2014",,"81857744",
"189848","Cazenovia College","2014",,"19254497",
"190044","Clarkson University","2014",,"100827824",
"190099","Colgate University","2014",,"149146934",
"190114","Metropolitan College of New York","2014",,"26332117",
"190150","Columbia University in the City of New York","2014",,"3432812000",
"190248","Concordia College-New York","2014",,"16845729",
"190415","Cornell University","2014",,"1658672318",
"190512","CUNY Bernard M Baruch College","2014","260774038",,
"190549","CUNY Brooklyn College","2014","255450996",,
"190558","College of Staten Island CUNY","2014","192023274",,
"190567","CUNY City College","2014","391352834",,
"190594","CUNY Hunter College","2014","350890547",,
"190600","CUNY John Jay College of Criminal Justice","2014","251354098",,
"190637","CUNY Lehman College","2014","201510899",,
"190646","CUNY Medgar Evers College","2014","128410963",,
"190655","CUNY New York City College of Technology","2014","194733083",,
"190664","CUNY Queens College","2014","286550169",,
"190691","CUNY York College","2014","115983227",,
"190716","D'Youville College","2014",,"52422512",
"190725","Daemen College","2014",,"39065260",
"190761","Dominican College of Blauvelt","2014",,"29725283",
"190770","Dowling College","2014",,"41852568",
"190983","Elmira College","2014",,"34288811",
"191241","Fordham University","2014",,"458948401",
"191515","Hamilton College","2014",,"111630000",
"191533","Hartwick College","2014",,"42065909",
"191621","Hilbert College","2014",,"15229074",
"191630","Hobart William Smith Colleges","2014",,"86526323",
"191649","Hofstra University","2014",,"309660459",
"191676","Houghton College","2014",,"25219645",
"191931","Iona College","2014",,"79738000",
"191968","Ithaca College","2014",,"177208289",
"192192","Keuka College","2014",,"34010310",
"192271","LIM College","2014",,,"42844780"
"192323","Le Moyne College","2014",,"60034517",
"192439","LIU Brooklyn","2014",,"166405929",
"192448","LIU Post","2014",,"145464309",
"192703","Manhattan College","2014",,"89945239",
"192749","Manhattanville College","2014",,"50682679",
"192819","Marist College","2014",,"130070815",
"192864","Marymount Manhattan College","2014",,"40536243",
"192925","Medaille College","2014",,"37252215",
"193016","Mercy College","2014",,"111954071",
"193292","Molloy College","2014",,"86588785",
"193353","Mount Saint Mary College","2014",,"39686138",
"193399","College of Mount Saint Vincent","2014",,"34720787",
"193584","Nazareth College","2014",,"59206505",
"193645","The College of New Rochelle","2014",,"53841502",
"193654","The New School","2014",,"295043000",
"193900","New York University","2014",,"3874949000",
"193973","Niagara University","2014",,"64119470",
"194091","New York Institute of Technology","2014",,"194126148",
"194161","Nyack College","2014",,"39676230",
"194310","Pace University-New York","2014",,"277011203",
"194578","Pratt Institute-Main","2014",,"145186654",
"194824","Rensselaer Polytechnic Institute","2014",,"372446000",
"194958","Roberts Wesleyan College","2014",,"32143608",
"195003","Rochester Institute of Technology","2014",,"428758000",
"195030","University of Rochester","2014",,"841290000",
"195128","The Sage Colleges","2014",,"42195892",
"195164","St Bonaventure University","2014",,"48526545",
"195173","St Francis College","2014",,"47289000",
"195216","St Lawrence University","2014",,"89245418",
"195234","The College of Saint Rose","2014",,"80542736",
"195243","St. Thomas Aquinas College","2014",,"27224393",
"195304","Sarah Lawrence College","2014",,"66787021",
"195474","Siena College","2014",,"78645074",
"195526","Skidmore College","2014",,"120198000",
"195544","Saint Joseph's College-New York","2014",,"83939000",
"195720","Saint John Fisher College","2014",,"70569130",
"195809","St John's University-New York","2014",,"427554659",
"196042","Farmingdale State College","2014","128449524",,
"196060","SUNY at Albany","2014","771158865",,
"196079","SUNY at Binghamton","2014","357963760",,
"196088","University at Buffalo","2014","906421175",,
"196097","Stony Brook University","2014","940435081",,
"196103","SUNY College of Environmental Science and Forestry","2014","84104662",,
"196112","SUNY Institute of Technology at Utica-Rome","2014","46224548",,
"196121","SUNY College at Brockport","2014","150545111",,
"196130","SUNY Buffalo State","2014","210660918",,
"196149","SUNY College at Cortland","2014","127437731",,
"196158","SUNY at Fredonia","2014","106989023",,
"196167","SUNY College at Geneseo","2014","102242148",,
"196176","State University of New York at New Paltz","2014","145763752",,
"196185","SUNY Oneonta","2014","114855960",,
"196194","SUNY College at Oswego","2014","152166304",,
"196200","SUNY College at Potsdam","2014","100569178",,
"196219","SUNY at Purchase College","2014","107437735",,
"196237","SUNY College at Old Westbury","2014","80797717",,
"196246","SUNY College at Plattsburgh","2014","119896093",,
"196264","SUNY Empire State College","2014","135020715",,
"196291","SUNY Maritime College","2014","56148208",,
"196413","Syracuse University","2014",,"671834098",
"196592","Touro College","2014",,"219429000",
"196866","Union College","2014",,"98638728",
"197018","United Talmudical Seminary","2014",,"18362983",
"197036","United States Military Academy","2014","331820263",,
"197045","Utica College","2014",,"63321624",
"197133","Vassar College","2014",,"151311223",
"197151","School of Visual Arts","2014",,,"123032132"
"197197","Wagner College","2014",,"59668585",
"197708","Yeshiva University","2014",,"724279000",
"197869","Appalachian State University","2014","250269245",,
"197911","Barton College","2014",,"20165664",
"197984","Belmont Abbey College","2014",,"22605131",
"198136","Campbell University","2014",,"112076088",
"198215","Catawba College","2014",,"43392054",
"198303","Chowan University","2014",,"18878582",
"198385","Davidson College","2014",,"97657242",
"198419","Duke University","2014",,"2287915000",
"198464","East Carolina University","2014","511083001",,
"198507","Elizabeth City State University","2014","55645571",,
"198516","Elon University","2014",,"157072132",
"198543","Fayetteville State University","2014","88949630",,
"198561","Gardner-Webb University","2014",,"56800547",
"198613","Guilford College","2014",,"45771685",
"198695","High Point University","2014",,"96289463",
"198756","Johnson C Smith University","2014",,"35402343",
"198835","Lenoir-Rhyne University","2014",,"31966404",
"198862","Livingstone College","2014",,"24785168",
"198899","Mars Hill University","2014",,"21756650",
"198950","Meredith College","2014",,"42711934",
"198969","Methodist University","2014",,"38005774",
"199069","University of Mount Olive","2014",,"32868175",
"199102","North Carolina A & T State University","2014","210075292",,
"199111","University of North Carolina at Asheville","2014","65803870",,
"199120","University of North Carolina at Chapel Hill","2014","1933669089",,
"199139","University of North Carolina at Charlotte","2014","394966376",,
"199148","University of North Carolina at Greensboro","2014","301693059",,
"199157","North Carolina Central University","2014","151236607",,
"199193","North Carolina State University at Raleigh","2014","1098216155",,
"199209","North Carolina Wesleyan College","2014",,"18840202",
"199218","University of North Carolina Wilmington","2014","202842406",,
"199272","William Peace University","2014",,"17282403",
"199281","University of North Carolina at Pembroke","2014","83089463",,
"199306","Pfeiffer University","2014",,"22615244",
"199412","Queens University of Charlotte","2014",,"51126510",
"199582","Saint Augustine's University","2014",,"29880645",
"199607","Salem College","2014",,"21647216",
"199643","Shaw University","2014",,"42812290",
"199759","Southeastern Baptist Theological Seminary","2014",,"18808201",
"199847","Wake Forest University","2014",,"1168752000",
"199962","Wingate University","2014",,"48495716",
"199999","Winston-Salem State University","2014","105671213",,
"200004","Western Carolina University","2014","139848841",,
"200059","Dickinson State University","2014","23768378",,
"200217","University of Mary","2014",,"47319173",
"200226","Mayville State University","2014","16835270",,
"200253","Minot State University","2014","52790396",,
"200280","University of North Dakota","2014","394572562",,
"200332","North Dakota State University-Main Campus","2014","340764974",,
"200572","Valley City State University","2014","19960227",,
"200800","University of Akron Main Campus","2014","388612201",,
"201104","Ashland University","2014",,"78502522",
"201195","Baldwin Wallace University","2014",,"75747542",
"201371","Bluffton University","2014",,"18249309",
"201441","Bowling Green State University-Main Campus","2014","259796474",,
"201548","Capital University","2014",,"67395923",
"201645","Case Western Reserve University","2014",,"791816235",
"201654","Cedarville University","2014",,"70555066",
"201690","Central State University","2014","41784473",,
"201885","University of Cincinnati-Main Campus","2014","903530963",,
"201964","Ohio Christian University","2014",,"28062645",
"202134","Cleveland State University","2014","269566254",,
"202170","Columbus College of Art and Design","2014",,"41197997",
"202480","University of Dayton","2014",,"313523000",
"202523","Denison University","2014",,"99441994",
"202763","The University of Findlay","2014",,"63529733",
"202806","Franklin University","2014",,"64713000",
"203085","Heidelberg University","2014",,"26838807",
"203128","Hiram College","2014",,"27652592",
"203368","John Carroll University","2014",,"79256162",
"203517","Kent State University at Kent","2014","435532350",,
"203535","Kenyon College","2014",,"84520373",
"203580","Lake Erie College","2014",,"19078849",
"203757","Lourdes University","2014",,"29008467",
"203775","Malone University","2014",,"30666379",
"203845","Marietta College","2014",,"37687995",
"204006","Miami University-Hamilton","2014","26726066",,
"204015","Miami University-Middletown","2014","19914713",,
"204024","Miami University-Oxford","2014","355619579",,
"204176","Mount Carmel College of Nursing","2014",,"15058909",
"204185","University of Mount Union","2014",,"41992319",
"204194","Mount Vernon Nazarene University","2014",,"31050813",
"204200","Mount Saint Joseph University","2014",,"33144572",
"204264","Muskingum University","2014",,"31120098",
"204468","Notre Dame College","2014",,"25117157",
"204501","Oberlin College","2014",,"146148550",
"204617","Ohio Dominican University","2014",,"28803243",
"204635","Ohio Northern University","2014",,"73014696",
"204671","Ohio State University-Lima Campus","2014","13997789",,
"204796","Ohio State University-Main Campus","2014","2337816620",,
"204857","Ohio University-Main Campus","2014","541105046",,
"204909","Ohio Wesleyan University","2014",,"57258270",
"204936","Otterbein University","2014",,"56567841",
"205443","Shawnee State University","2014","52251539",,
"205957","Franciscan University of Steubenville","2014",,"41659695",
"206048","Tiffin University","2014",,"40135571",
"206084","University of Toledo","2014","449636847",,
"206279","Union Institute & University","2014",,"25371947",
"206330","Urbana University","2014",,"18595780",
"206349","Ursuline College","2014",,"22643656",
"206437","Walsh University","2014",,"41397988",
"206507","Wilmington College","2014",,"20690577",
"206525","Wittenberg University","2014",,"45557566",
"206589","The College of Wooster","2014",,"68792523",
"206604","Wright State University-Main Campus","2014","357169924",,
"206613","Wright State University-Lake Campus","2014","10051719",,
"206622","Xavier University","2014",,"132827422",
"206695","Youngstown State University","2014","166640160",,
"206835","Oklahoma Wesleyan University","2014",,"16875760",
"206862","Southern Nazarene University","2014",,"33833078",
"206914","Cameron University","2014","61309347",,
"206941","University of Central Oklahoma","2014","174423798",,
"207041","East Central University","2014","54349535",,
"207209","Langston University","2014","55384970",,
"207263","Northeastern State University","2014","105398068",,
"207306","Northwestern Oklahoma State University","2014","22895201",,
"207324","Oklahoma Christian University","2014",,"38725090",
"207351","Oklahoma Panhandle State University","2014","17826431",,
"207388","Oklahoma State University-Main Campus","2014","620439743",,
"207403","Oklahoma Baptist University","2014",,"30316808",
"207458","Oklahoma City University","2014",,"64446230",
"207500","University of Oklahoma-Norman Campus","2014","669737000",,
"207582","Oral Roberts University","2014",,"66701824",
"207661","Rogers State University","2014","40265100",,
"207847","Southeastern Oklahoma State University","2014","47310733",,
"207865","Southwestern Oklahoma State University","2014","61291513",,
"207971","University of Tulsa","2014",,"172715361",
"208239","The Art Institute of Portland","2014",,,"21255890"
"208488","Concordia University-Portland","2014",,"113663723",
"208646","Eastern Oregon University","2014","47557553",,
"208822","George Fox University","2014",,"55147400",
"209056","Lewis & Clark College","2014",,"104279575",
"209065","Linfield College-McMinnville Campus","2014",,"44116935",
"209108","Marylhurst University","2014",,"20146703",
"209506","Oregon Institute of Technology","2014","53977397",,
"209542","Oregon State University","2014","781883281",,
"209551","University of Oregon","2014","619844459",,
"209612","Pacific University","2014",,"92350976",
"209807","Portland State University","2014","395004075",,
"209825","University of Portland","2014",,"79427000",
"209922","Reed College","2014",,"69821508",
"210146","Southern Oregon University","2014","74435925",,
"210331","Corban University","2014",,"19798779",
"210401","Willamette University","2014",,"82810000",
"210429","Western Oregon University","2014","74115812",,
"210571","Albright College","2014",,"44354255",
"210669","Allegheny College","2014",,"64972381",
"210739","DeSales University","2014",,"49064478",
"210775","Alvernia University","2014",,"43643887",
"210942","The Art Institute of Philadelphia","2014",,,"41196742"
"210960","The Art Institute of Pittsburgh","2014",,,"29897160"
"211088","Arcadia University","2014",,"110674000",
"211158","Bloomsburg University of Pennsylvania","2014","149495066",,
"211273","Bryn Mawr College","2014",,"101401000",
"211291","Bucknell University","2014",,"173708000",
"211352","Cabrini College","2014",,"40649762",
"211361","California University of Pennsylvania","2014","125401784",,
"211431","Carlow University","2014",,"36357542",
"211440","Carnegie Mellon University","2014",,"882653322",
"211468","Cedar Crest College","2014",,"26666141",
"211477","Central Penn College","2014",,,"16880752"
"211556","Chatham University","2014",,"47976380",
"211583","Chestnut Hill College","2014",,"31028828",
"211608","Cheyney University of Pennsylvania","2014","38593965",,
"211644","Clarion University of Pennsylvania","2014","97723371",,
"211981","Delaware Valley University","2014",,"45543154",
"212009","Dickinson College","2014",,"98564812",
"212054","Drexel University","2014",,"909029789",
"212106","Duquesne University","2014",,"225438000",
"212115","East Stroudsburg University of Pennsylvania","2014","104461810",,
"212133","Eastern University","2014",,"57330899",
"212160","Edinboro University of Pennsylvania","2014","100309883",,
"212197","Elizabethtown College","2014",,"51595117",
"212577","Franklin and Marshall College","2014",,"109084079",
"212601","Gannon University","2014",,"67072000",
"212656","Geneva College","2014",,"32216440",
"212674","Gettysburg College","2014",,"105634030",
"212805","Grove City College","2014",,"58972965",
"212832","Gwynedd Mercy University","2014",,"37552000",
"212911","Haverford College","2014",,"77431270",
"212984","Holy Family University","2014",,"38919232",
"213011","Immaculata University","2014",,"46429580",
"213020","Indiana University of Pennsylvania-Main Campus","2014","231851717",,
"213251","Juniata College","2014",,"42668724",
"213303","Keystone College","2014",,"24025630",
"213321","King's College","2014",,"44929752",
"213349","Kutztown University of Pennsylvania","2014","146543366",,
"213358","La Roche College","2014",,"23558124",
"213367","La Salle University","2014",,"114228341",
"213385","Lafayette College","2014",,"124536856",
"213400","Lancaster Bible College","2014",,"22040623",
"213507","Lebanon Valley College","2014",,"46648015",
"213543","Lehigh University","2014",,"305388000",
"213598","The Lincoln University","2014",,"41897437",
"213613","Lock Haven University","2014","74542659",,
"213668","Lycoming College","2014",,"27406881",
"213783","Mansfield University of Pennsylvania","2014","52917293",,
"213826","Marywood University","2014",,"63910145",
"213987","Mercyhurst University","2014",,"52486755",
"213996","Messiah College","2014",,"74113978",
"214041","Millersville University of Pennsylvania","2014","131568600",,
"214069","Misericordia University","2014",,"44791012",
"214157","Moravian College","2014",,"41132898",
"214175","Muhlenberg College","2014",,"72554825",
"214272","Neumann University","2014",,"45845452",
"214591","Pennsylvania State University-Penn State Erie-Behrend College","2014",,"56916209",
"214652","Pennsylvania State University-Penn State Worthington Scranton","2014",,"15444599",
"214689","Pennsylvania State University-Penn State Altoona","2014",,"43473687",
"214704","Pennsylvania State University-Penn State Berks","2014",,"30603188",
"214713","Pennsylvania State University-Penn State Harrisburg","2014",,"60062331",
"214731","Pennsylvania State University-Penn State Brandywine","2014",,"15730611",
"214777","Pennsylvania State University-Main Campus","2014",,"2257199601",
"214801","Pennsylvania State University-Penn State Abington","2014",,"31747232",
"214829","Pennsylvania State University-Penn State York","2014",,"14014544",
"214883","Peirce College","2014",,"20674138",
"215062","University of Pennsylvania","2014",,"3046202000",
"215099","Philadelphia University","2014",,"71901517",
"215105","The University of the Arts","2014",,"61713677",
"215114","Cairn University-Langhorne","2014",,"18893513",
"215132","University of the Sciences","2014",,"84859994",
"215266","University of Pittsburgh-Bradford","2014",,"22955543",
"215275","University of Pittsburgh-Greensburg","2014",,"16413618",
"215284","University of Pittsburgh-Johnstown","2014",,"27963818",
"215293","University of Pittsburgh-Pittsburgh Campus","2014",,"1673191535",
"215442","Point Park University","2014",,"65745345",
"215655","Robert Morris University","2014",,"86670967",
"215743","Saint Francis University","2014",,"51447914",
"215770","Saint Joseph's University","2014",,"184885100",
"215798","Saint Vincent College","2014",,"37589916",
"215929","University of Scranton","2014",,"122366211",
"215947","Seton Hill University","2014",,"41830926",
"216010","Shippensburg University of Pennsylvania","2014","120314793",,
"216038","Slippery Rock University of Pennsylvania","2014","129389385",,
"216278","Susquehanna University","2014",,"60667047",
"216287","Swarthmore College","2014",,"113420000",
"216339","Temple University","2014",,"988103000",
"216357","Thiel College","2014",,"23159847",
"216524","Ursinus College","2014",,"50172624",
"216597","Villanova University","2014",,"314562903",
"216667","Washington & Jefferson College","2014",,"43648648",
"216694","Waynesburg University","2014",,"37336724",
"216764","West Chester University of Pennsylvania","2014","221081414",,
"216807","Westminster College","2014",,"31441361",
"216852","Widener University-Main Campus","2014",,"103508061",
"216931","Wilkes University","2014",,"69463684",
"217059","York College Pennsylvania","2014",,"76022189",
"217156","Brown University","2014",,"674712000",
"217165","Bryant University","2014",,"102209000",
"217235","Johnson & Wales University-Providence","2014",,"167187425",
"217402","Providence College","2014",,"122519343",
"217420","Rhode Island College","2014","120861325",,
"217484","University of Rhode Island","2014","388817155",,
"217493","Rhode Island School of Design","2014",,"95690951",
"217518","Roger Williams University","2014",,"114742000",
"217536","Salve Regina University","2014",,"49402000",
"217633","Anderson University","2014",,"33015126",
"217688","Charleston Southern University","2014",,"44122319",
"217721","Benedict College","2014",,"47001171",
"217749","Bob Jones University","2014",,,"97141230"
"217776","Southern Wesleyan University","2014",,"20573820",
"217819","College of Charleston","2014","194107247",,
"217864","Citadel Military College of South Carolina","2014","74416776",,
"217873","Claflin University","2014",,"36995937",
"217882","Clemson University","2014","644874018",,
"217907","Coker College","2014",,"19507455",
"217925","Columbia International University","2014",,"17712161",
"217934","Columbia College","2014",,"22078445",
"217961","Converse College","2014",,"23698312",
"218061","Francis Marion University","2014","60771847",,
"218070","Furman University","2014",,"118596157",
"218229","Lander University","2014","38667757",,
"218238","Limestone College","2014",,"34591097",
"218414","Newberry College","2014",,"21581856",
"218441","North Greenville University","2014",,"25303712",
"218539","Presbyterian College","2014",,"34929189",
"218645","University of South Carolina-Aiken","2014","40309230",,
"218654","University of South Carolina-Beaufort","2014","23501161",,
"218663","University of South Carolina-Columbia","2014","767879843",,
"218724","Coastal Carolina University","2014","163987208",,
"218733","South Carolina State University","2014","94036881",,
"218742","University of South Carolina-Upstate","2014","66349764",,
"218964","Winthrop University","2014","106669002",,
"218973","Wofford College","2014",,"48597779",
"219000","Augustana College","2014",,"39123862",
"219046","Black Hills State University","2014","43050779",,
"219082","Dakota State University","2014","34130044",,
"219198","Mount Marty College","2014",,"14106388",
"219204","National American University-Rapid City","2014",,,"23785104"
"219259","Northern State University","2014","34281368",,
"219347","South Dakota School of Mines and Technology","2014","55744557",,
"219356","South Dakota State University","2014","248477033",,
"219383","University of Sioux Falls","2014",,"20669285",
"219471","University of South Dakota","2014","179320266",,
"219602","Austin Peay State University","2014","130376606",,
"219639","Baptist Memorial College of Health Sciences","2014",,"15539804",
"219709","Belmont University","2014",,"121438191",
"219718","Bethel University","2014",,"62516128",
"219790","Bryan College-Dayton","2014",,"16243268",
"219806","Carson-Newman University","2014",,"32529774",
"219833","Christian Brothers University","2014",,"44727942",
"219949","Cumberland University","2014",,"20651272",
"219976","Lipscomb University","2014",,"101036445",
"220075","East Tennessee State University","2014","309412496",,
"220215","Freed-Hardeman University","2014",,"30348259",
"220473","Johnson University","2014",,"15962188",
"220516","King University","2014",,"33012264",
"220552","South College","2014",,,"27227902"
"220598","Lane College","2014",,"15598172",
"220604","Le Moyne-Owen College","2014",,"15609705",
"220613","Lee University","2014",,"51264507",
"220631","Lincoln Memorial University","2014",,"77269169",
"220701","Martin Methodist College","2014",,"15556072",
"220710","Maryville College","2014",,"21650563",
"220862","University of Memphis","2014","405320782",,
"220978","Middle Tennessee State University","2014","331475145",,
"221014","Milligan College","2014",,"18640128",
"221351","Rhodes College","2014",,"63254544",
"221519","Sewanee-The University of the South","2014",,"70873514",
"221661","Southern Adventist University","2014",,"52874485",
"221731","Tennessee Wesleyan College","2014",,"13827599",
"221740","The University of Tennessee-Chattanooga","2014","156987691",,
"221759","The University of Tennessee-Knoxville","2014","1479513443",,
"221768","The University of Tennessee-Martin","2014","108696355",,
"221838","Tennessee State University","2014","169695213",,
"221847","Tennessee Technological University","2014","153675581",,
"221892","Trevecca Nazarene University","2014",,"31791572",
"221953","Tusculum College","2014",,"26208488",
"221971","Union University","2014",,"58742792",
"221999","Vanderbilt University","2014",,"1651421564",
"222178","Abilene Christian University","2014",,"96693046",
"222831","Angelo State University","2014","98402973",,
"222938","The Art Institute of Houston","2014",,,"37298922"
"222983","Austin College","2014",,"35193995",
"223232","Baylor University","2014",,"502154000",
"224004","Concordia University-Texas","2014",,"33634298",
"224147","Texas A & M University-Corpus Christi","2014","168791916",,
"224226","Dallas Baptist University","2014",,"77541032",
"224323","University of Dallas","2014",,"44665000",
"224527","East Texas Baptist University","2014",,"20781540",
"224545","Texas A & M University-Texarkana","2014","35506881",,
"224554","Texas A & M University-Commerce","2014","140253670",,
"224776","South University-The Art Institute of Dallas","2014",,,"26604036"
"225247","Hardin-Simmons University","2014",,"37710153",
"225399","Houston Baptist University","2014",,"38067733",
"225414","University of Houston-Clear Lake","2014","105881739",,
"225432","University of Houston-Downtown","2014","136829166",,
"225502","University of Houston-Victoria","2014","54174703",,
"225511","University of Houston","2014","873731422",,
"225548","Howard Payne University","2014",,"20267427",
"225575","Huston-Tillotson University","2014",,"16501831",
"225627","University of the Incarnate Word","2014",,"126095520",
"226091","Lamar University","2014","179029401",,
"226152","Texas A & M International University","2014","89548206",,
"226231","LeTourneau University","2014",,"39766032",
"226383","Lubbock Christian University","2014",,"25355157",
"226471","University of Mary Hardin-Baylor","2014",,"57523269",
"226587","McMurry University","2014",,"20258104",
"226833","Midwestern State University","2014","88998178",,
"227216","University of North Texas","2014","552124066",,
"227331","Our Lady of the Lake University","2014",,"49125937",
"227368","The University of Texas-Pan American","2014","257701803",,
"227377","The University of Texas at Brownsville","2014","114190397",,
"227526","Prairie View A & M University","2014","164274745",,
"227757","Rice University","2014",,"535867096",
"227845","Saint Edward's University","2014",,"97880767",
"227863","University of St Thomas","2014",,"59453041",
"227881","Sam Houston State University","2014","249925073",,
"228042","Schreiner University","2014",,"20826784",
"228149","St Mary's University","2014",,"80663076",
"228246","Southern Methodist University","2014",,"401525000",
"228325","Southwestern Assemblies of God University","2014",,"23120561",
"228343","Southwestern University","2014",,"44414308",
"228431","Stephen F Austin State University","2014","174380685",,
"228459","Texas State University","2014","474338040",,
"228501","Sul Ross State University","2014","49473070",,
"228529","Tarleton State University","2014","139211610",,
"228705","Texas A & M University-Kingsville","2014","173357337",,
"228723","Texas A & M University-College Station","2014","2343542931",,
"228769","The University of Texas at Arlington","2014","498902129",,
"228778","The University of Texas at Austin","2014","2197959008",,
"228787","The University of Texas at Dallas","2014","495082042",,
"228796","The University of Texas at El Paso","2014","363546910",,
"228802","The University of Texas at Tyler","2014","123782572",,
"228875","Texas Christian University","2014",,"255576000",
"228981","Texas Lutheran University","2014",,"29645112",
"229018","The University of Texas of the Permian Basin","2014","83895760",,
"229027","The University of Texas at San Antonio","2014","450074765",,
"229063","Texas Southern University","2014","179059456",,
"229115","Texas Tech University","2014","631115715",,
"229160","Texas Wesleyan University","2014",,"46297019",
"229179","Texas Woman's University","2014","161197272",,
"229267","Trinity University","2014",,"112217695",
"229780","Wayland Baptist University","2014",,"56654122",
"229814","West Texas A & M University","2014","114850930",,
"229887","Wiley College","2014",,"19276005",
"230038","Brigham Young University-Provo","2014",,"760335986",
"230047","Brigham Young University-Hawaii","2014",,"72810000",
"230603","Southern Utah University","2014","117641750",,
"230728","Utah State University","2014","522399369",,
"230737","Utah Valley University","2014","248690664",,
"230764","University of Utah","2014","1631436000",,
"230782","Weber State University","2014","186020676",,
"230807","Westminster College","2014",,"65065686",
"230834","Castleton State College","2014","42689613",,
"230852","Champlain College","2014",,"67467798",
"230913","Johnson State College","2014","29529023",,
"230931","Lyndon State College","2014","29974760",,
"230959","Middlebury College","2014",,"206404322",
"230995","Norwich University","2014",,"81766000",
"231059","Saint Michael's College","2014",,"60881744",
"231174","University of Vermont","2014","568567000",,
"231581","Bridgewater College","2014",,"30269218",
"231624","College of William and Mary","2014","289478842",,
"231651","Regent University","2014",,"82974166",
"231712","Christopher Newport University","2014","78843966",,
"231837","Jefferson College of Health Sciences","2014",,"21308029",
"232025","Emory & Henry College","2014",,"24106660",
"232043","Eastern Mennonite University","2014",,"32469757",
"232089","Ferrum College","2014",,"25315737",
"232186","George Mason University","2014","634243430",,
"232256","Hampden-Sydney College","2014",,"36706350",
"232265","Hampton University","2014",,"111993072",
"232423","James Madison University","2014","301016261",,
"232557","Liberty University","2014",,"482169055",
"232566","Longwood University","2014","73667540",,
"232609","Lynchburg College","2014",,"50040777",
"232672","Mary Baldwin College","2014",,"24065826",
"232681","University of Mary Washington","2014","64752263",,
"232706","Marymount University","2014",,"65103733",
"232937","Norfolk State University","2014","118550261",,
"232982","Old Dominion University","2014","316678630",,
"233277","Radford University","2014","128941698",,
"233295","Randolph-Macon College","2014",,"36351792",
"233374","University of Richmond","2014",,"202000000",
"233426","Roanoke College","2014",,"49910179",
"233541","Shenandoah University","2014",,"72518692",
"233684","Strayer University-Virginia","2014",,,"65044617"
"233897","The University of Virginia's College at Wise","2014","36614909",,
"233921","Virginia Polytechnic Institute and State University","2014","1034458180",,
"234030","Virginia Commonwealth University","2014","787533900",,
"234076","University of Virginia-Main Campus","2014","1135698256",,
"234085","Virginia Military Institute","2014","52222489",,
"234155","Virginia State University","2014","96112826",,
"234164","Virginia Union University","2014",,"26681585",
"234173","Virginia Wesleyan College","2014",,"32614591",
"234207","Washington and Lee University","2014",,"126875000",
"234492","The Art Institute of Seattle","2014",,,"27096411"
"234827","Central Washington University","2014","164257402",,
"235097","Eastern Washington University","2014","168424713",,
"235167","The Evergreen State College","2014","86980958",,
"235316","Gonzaga University","2014",,"161201000",
"235422","Heritage University","2014",,"26211241",
"236133","Northwest University","2014",,"26234566",
"236230","Pacific Lutheran University","2014",,"87310723",
"236328","University of Puget Sound","2014",,"88658000",
"236452","Saint Martin's University","2014",,"31138365",
"236577","Seattle Pacific University","2014",,"84024000",
"236595","Seattle University","2014",,"192580747",
"236896","Walla Walla University","2014",,"41827020",
"236939","Washington State University","2014","841403827",,
"236948","University of Washington-Seattle Campus","2014","2817159910",,
"237011","Western Washington University","2014","210797261",,
"237057","Whitman College","2014",,"63228049",
"237066","Whitworth University","2014",,"60299305",
"237118","Alderson Broaddus University","2014",,"18488223",
"237215","Bluefield State College","2014","21028882",,
"237312","University of Charleston","2014",,"32501682",
"237330","Concord University","2014","29570462",,
"237367","Fairmont State University","2014","52618527",,
"237385","Glenville State College","2014","19725496",,
"237525","Marshall University","2014","223609260",,
"237792","Shepherd University","2014","44637994",,
"237899","West Virginia State University","2014","41280208",,
"237932","West Liberty University","2014","32848974",,
"237950","West Virginia University Institute of Technology","2014","16894516",,
"237969","West Virginia Wesleyan College","2014",,"23295821",
"238032","West Virginia University","2014","810936757",,
"238078","Wheeling Jesuit University","2014",,"31174428",
"238193","Alverno College","2014",,"37652969",
"238333","Beloit College","2014",,"43334899",
"238430","Cardinal Stritch University","2014",,"49390787",
"238458","Carroll University","2014",,"50796098",
"238476","Carthage College","2014",,"55196637",
"238616","Concordia University-Wisconsin","2014",,"77176926",
"238661","Edgewood College","2014",,"42031465",
"238980","Lakeland College","2014",,"30777259",
"239017","Lawrence University","2014",,"55021515",
"239071","Maranatha Baptist University","2014",,"13320543",
"239080","Marian University","2014",,"29360333",
"239105","Marquette University","2014",,"334740000",
"239318","Milwaukee School of Engineering","2014",,"62750964",
"239390","Mount Mary University","2014",,"22475176",
"239716","Saint Norbert College","2014",,"53886699",
"240107","Viterbo University","2014",,"34619294",
"240189","University of Wisconsin-Whitewater","2014","147054094",,
"240268","University of Wisconsin-Eau Claire","2014","152746726",,
"240277","University of Wisconsin-Green Bay","2014","77548248",,
"240329","University of Wisconsin-La Crosse","2014","132561861",,
"240338","Wisconsin Lutheran College","2014",,"23684697",
"240365","University of Wisconsin-Oshkosh","2014","149719725",,
"240374","University of Wisconsin-Parkside","2014","62386460",,
"240417","University of Wisconsin-Stout","2014","131642495",,
"240426","University of Wisconsin-Superior","2014","47155780",,
"240444","University of Wisconsin-Madison","2014","2308400483",,
"240453","University of Wisconsin-Milwaukee","2014","478388785",,
"240462","University of Wisconsin-Platteville","2014","110894845",,
"240471","University of Wisconsin-River Falls","2014","84733180",,
"240480","University of Wisconsin-Stevens Point","2014","137923282",,
"240727","University of Wyoming","2014","417289440",,
"240754","University of Guam","2014","97312000",,
"241191","Universidad Adventista de las Antillas","2014",,"10075053",
"241216","Atlantic University College","2014",,"8784643",
"241225","Universidad Central de Bayamon","2014",,"13582938",
"241331","Carlos Albizu University-San Juan","2014",,"9893427",
"241377","Caribbean University-Bayamon","2014",,"22054641",
"241395","Pontifical Catholic University of Puerto Rico-Arecibo","2014",,"12871214",
"241410","Pontifical Catholic University of Puerto Rico-Ponce","2014",,"42188979",
"241720","Colegio Universitario de San Juan","2014","8294832",,
"241739","Universidad Metropolitana","2014",,"88935183",
"242617","Inter American University of Puerto Rico-San German","2014",,"25912309",
"242626","Inter American University of Puerto Rico-Aguadilla","2014",,"17941637",
"242635","Inter American University of Puerto Rico-Arecibo","2014",,"19064293",
"242644","Inter American University of Puerto Rico-Barranquitas","2014",,"10921169",
"242653","Inter American University of Puerto Rico-Metro","2014",,"41119268",
"242662","Inter American University of Puerto Rico-Ponce","2014",,"23418972",
"242680","Inter American University of Puerto Rico-Fajardo","2014",,"10061613",
"242699","Inter American University of Puerto Rico-Guayama","2014",,"9658321",
"242705","Inter American University of Puerto Rico-Bayamon","2014",,"22599170",
"243106","University of Puerto Rico-Aguadilla","2014","35530756",,
"243115","University of Puerto Rico-Arecibo","2014","50570820",,
"243133","University of Puerto Rico-Bayamon","2014","60310983",,
"243142","University of Puerto Rico-Carolina","2014","43671939",,
"243151","University of Puerto Rico-Cayey","2014","55989569",,
"243179","University of Puerto Rico-Humacao","2014","63945796",,
"243197","University of Puerto Rico-Mayaguez","2014","273234716",,
"243212","University of Puerto Rico-Ponce","2014","39430649",,
"243221","University of Puerto Rico-Rio Piedras","2014","314487100",,
"243346","Universidad Del Este","2014",,"72403922",
"243443","Universidad del Sagrado Corazon","2014",,"37116582",
"243577","Universidad Politecnica de Puerto Rico","2014",,"32142611",
"243586","Pontifical Catholic University of Puerto Rico-Mayaguez","2014",,"16446551",
"243601","Universidad Del Turabo","2014",,"100241828",
"243665","University of the Virgin Islands","2014","68304869",,
"243744","Stanford University","2014",,"3424615000",
"243780","Purdue University-Main Campus","2014","1458413902",,
"243832","EDP Univeristy of Puerto Rico Inc-San Juan","2014",,"9373490",
"245953","Mid-America Christian University","2014",,"28761648",
"251312","South University-Columbia","2014",,,"23257560"
"260901","Kaplan University-Davenport Campus","2014",,,"492910260"
"262086","Brandman University","2014",,"89981278",
"363907","Caribbean University-Ponce","2014",,"3013067",
"366711","California State University-San Marcos","2014","178867048",,
"367884","Hodges University","2014",,"32352438",
"367936","Argosy University-Atlanta","2014",,,"20501878"
"377555","University of Washington-Bothell Campus","2014","58690831",,
"377564","University of Washington-Tacoma Campus","2014","58690831",,
"380465","University of Phoenix-Utah","2014",,,"18057493"
"385619","Everglades University","2014",,"20424286",
"405997","University of Phoenix-New Mexico","2014",,,"25004293"
"407009","Arizona State University-West","2014","66227440",,
"409698","California State University-Monterey Bay","2014","118337502",,
"410502","The Art Institute of California-Argosy University Hollywood","2014",,,"34991342"
"414708","Baker College Center for Graduate Studies","2014",,"26041037",
"414823","Johnson & Wales University-North Miami","2014",,"34246456",
"420042","University of Phoenix-Hawaii","2014",,,"16202808"
"420574","Arizona State University-Polytechnic","2014","82784300",,
"426314","Embry-Riddle Aeronautical University-Worldwide","2014",,"86478000",
"428444","The Art Institute of Phoenix","2014",,,"21066916"
"430184","Strayer University-Maryland","2014",,,"28384386"
"432533","The Art Institute of California-Argosy University Los Angeles","2014",,,"33386764"
"433660","Florida Gulf Coast University","2014","157362880",,
"436818","University of Connecticut-Tri-Campus","2014","21600137",,
"436836","University of Connecticut-Stamford","2014","15247156",,
"437097","University of Management and Technology","2014",,,"4130910"
"438151","Stevens-Henager College","2014",,"12039639",
"438498","Stratford University","2014",,,"46288863"
"441900","Nevada State College","2014","29330000",,
"441937","California State University-Channel Islands","2014","118331149",,
"443331","West Coast University-Los Angeles","2014",,,"33939991"
"443410","DigiPen Institute of Technology","2014",,,"24245385"
"443766","Strayer University-Tennessee","2014",,,"18268972"
"443784","Strayer University-Pennsylvania","2014",,,"24002563"
"445188","University of California-Merced","2014","197868865",,
"446048","Ave Maria University","2014",,"26779616",
"446604","Uta Mesivta of Kiryas Joel","2014",,"15342390",
"447689","Georgia Gwinnett College","2014","93610736",,
"448284","Doane College-Lincoln Grand Island and Master","2014",,"7298766",
"448840","University of South Florida-St Petersburg","2014","61609654",,
"448886","Arizona State University-Downtown Phoenix","2014","231796040",,
"449038","Strayer University-Florida","2014",,,"33226000"
"449931","Averett University-Non-Traditional Programs","2014",,"8381240",
"450933","Columbia Southern University","2014",,,"65122626"
"451671","University of South Florida-Sarasota-Manatee","2014","27185676",,
"451820","The Art Institute of Austin","2014",,,"20545824"
"453163","Strayer University-North Carolina","2014",,,"33901825"
"454227","Chamberlain College of Nursing-Illinois","2014",,,"103024580"
"458210","West Coast University-Orange County","2014",,,"38931165"
"458229","West Coast University-Ontario","2014",,,"26952345"
"458469","National University College-Ponce","2014",,,"8220201"
"458919","Strayer University-Georgia","2014",,,"44962095"
"458964","Strayer University-South Carolina","2014",,,"17464784"
"458973","Strayer University-Texas","2014",,,"19195493"
"458982","The Art Institute of San Antonio","2014",,,"15563633"
"459994","Strayer University-Global Region","2014",,,"19122632"
"468723","National University College-Caguas","2014",,,"2935786"
"482149","Georgia Regents University","2014","414456828",,
"482158","Middle Georgia State College","2014","78643122",,
"482413","DeVry College of New York","2014",,,"23642716"
"482422","DeVry University-Arizona","2014",,,"15588783"
"482431","DeVry University-California","2014",,,"92581316"
"482459","DeVry University-Florida","2014",,,"34044102"
"482468","DeVry University-Georgia","2014",,,"61376473"
"482477","DeVry University-Illinois","2014",,,"190765732"
"482556","DeVry University-New Jersey","2014",,,"20268278"
"482574","DeVry University-Ohio","2014",,,"30119093"
"482608","DeVry University-Pennsylvania","2014",,,"17837140"
"482635","DeVry University-Texas","2014",,,"39072160"
"482653","DeVry University-Virginia","2014",,,"14024779"
"482680","University of North Georgia","2014","136918966",,
"483124","Arizona State University-Skysong","2014","198682320",,
"484613","University of Phoenix-Arizona","2014",,,"1450754634"
"484631","University of Phoenix-California","2014",,,"199306254"
"484640","University of Phoenix-Colorado","2014",,,"19971376"
"484668","University of Phoenix-Florida","2014",,,"45221554"
"484677","University of Phoenix-Georgia","2014",,,"35697814"
"484686","University of Phoenix-Louisiana","2014",,,"14293434"
"484695","University of Phoenix-Michigan","2014",,,"25506300"
"484701","University of Phoenix-Missouri","2014",,,"14519505"
"484710","University of Phoenix-Nevada","2014",,,"22442119"
"484747","University of Phoenix-Tennessee","2014",,,"27197558"
"484756","University of Phoenix-Texas","2014",,,"51466096"
"484765","University of Phoenix-Virginia","2014",,,"18500876"
"484905","University of North Texas at Dallas","2014","26854279",,
